rep	term	estimate	std.error	statistic	p.value
late_RepA	(Intercept)	0.002577127025144526	0.013423633954236234	0.19198430424506888	0.8477924153889597
late_RepA	mean_expected_crispr	0.6263171334888773	0.01889744926692442	33.1429456241536	1.941213658081377e-164
late_RepB	(Intercept)	0.010087450179973432	0.013605094747556789	0.7414465218468943	0.4585920889099703
late_RepB	mean_expected_crispr	0.6305312897053743	0.01882088107505831	33.50168821484999	6.166470132907076e-167
late_RepC	(Intercept)	-0.029323872002964158	0.013344705719642845	-2.1974161603129736	0.028213214936485053
late_RepC	mean_expected_crispr	0.6333845292920741	0.018819058874901335	33.65654645657167	5.153135222321718e-168
