sample,perc_paired_correctly,total_counts,total_paired_counts
sample1,0.01743087481301917,6011424.000000045,132120
sample2,0.01559155353097667,4956967.000000038,109250
sample3,0.015171803931787431,4754202.000000022,99853
